level,group,k,cluster,outcome,n_pairs,n_treated,n_control,treated_mean,control_mean,effect,ci95_low,ci95_high
all_matched,all,,,mortality_anytime,10009,10009,3158,0.3845539014886602,0.4456988710160855,-0.06114496952742532,-0.07529473473873514,-0.04695773803576781
all_matched,all,,,vm_time_hours,8234,8234,2436,116.22946724961541,59.262794510565946,56.966672739049464,53.62992854829569,60.65290988583919
all_matched,all,,,ventilation_hours,10009,10009,3158,64.28073900156525,32.8844290138875,31.396309987677757,28.956498526326303,33.92001302993972
all_matched,all,,,rrt_on,10009,10009,3158,0.10350684384054351,0.06454191227894894,0.038964931561594564,0.031519132780497554,0.04681037066640024
all_matched,all,,,any_vasopressor,10009,10009,3158,0.5863722649615346,0.5814766709961036,0.004895593965431112,-0.008792087121590568,0.01773653711659506
all_matched,all,,,nee_mcgkgmin_max,10009,10009,3158,0.2652652612648616,0.2003027275452093,0.06496253371965231,0.030750949145768813,0.11052000699370565
all_matched,all,,,icu_los_hours,10009,10009,3158,732.8292453458554,421.44490791620865,311.3843374296466,291.9272425650248,330.91903744962866
cluster,benefit_apparent,2.0,0.0,mortality_anytime,7085,7085,2968,0.3570924488355681,0.4228652081863091,-0.065772759350741,-0.08060691601976006,-0.04911785462244178
cluster,benefit_apparent,2.0,0.0,vm_time_hours,5629,5629,2263,81.90016284716053,57.73370047965891,24.166462367501627,20.573430893586785,27.97442618582341
cluster,benefit_apparent,2.0,0.0,ventilation_hours,7085,7085,2968,46.20611620795107,32.1116325570454,14.094483650905667,12.144796518466244,16.483784991766644
cluster,benefit_apparent,2.0,0.0,rrt_on,7085,7085,2968,0.07904022582921666,0.06365561044460127,0.015384615384615385,0.0074805928016937195,0.0239273112208892
cluster,benefit_apparent,2.0,0.0,any_vasopressor,7085,7085,2968,0.547212420606916,0.5465067043048695,0.0007057163020465773,-0.013913196894848271,0.016654904728299225
cluster,benefit_apparent,2.0,0.0,nee_mcgkgmin_max,7085,7085,2968,0.2036527875793931,0.1832223006351447,0.02043048694424841,-0.021485215243472126,0.07431721947776992
cluster,benefit_apparent,2.0,0.0,icu_los_hours,7085,7085,2968,532.4073747353564,412.87355916254995,119.5338155728064,101.76070483415667,137.65633086332627
cluster,benefit_apparent,2.0,1.0,mortality_anytime,2924,2924,667,0.45109439124487005,0.5010259917920656,-0.04993160054719562,-0.07662448700410396,-0.024281805745554035
cluster,benefit_apparent,2.0,1.0,vm_time_hours,2605,2605,565,190.40975687779908,62.56692898272553,127.84282789507357,118.74474456174023,135.63228358925144
cluster,benefit_apparent,2.0,1.0,ventilation_hours,2924,2924,667,108.07646488828087,34.75695394436844,73.31951094391245,67.14721200980391,78.8875598495212
cluster,benefit_apparent,2.0,1.0,rrt_on,2924,2924,667,0.16279069767441862,0.06668946648426813,0.09610123119015047,0.0788218194254446,0.11167065663474691
cluster,benefit_apparent,2.0,1.0,any_vasopressor,2924,2924,667,0.6812585499316005,0.6662106703146374,0.015047879616963064,-0.009233926128590971,0.04089432284541721
cluster,benefit_apparent,2.0,1.0,nee_mcgkgmin_max,2924,2924,667,0.4145554035567715,0.24168946648426815,0.1728659370725034,0.09978411422708619,0.2678413987688098
cluster,benefit_apparent,2.0,1.0,icu_los_hours,2924,2924,667,1218.4615823073416,442.2137197902416,776.2478625170999,728.1696627051983,817.4644572218422
scan_group,benefit_apparent,2.0,,mortality_anytime,10009,10009,3158,0.3845539014886602,0.4456988710160855,-0.06114496952742532,-0.07529473473873514,-0.04695773803576781
scan_group,benefit_apparent,2.0,,vm_time_hours,8234,8234,2436,116.22946724961541,59.262794510565946,56.966672739049464,53.62992854829569,60.65290988583919
scan_group,benefit_apparent,2.0,,ventilation_hours,10009,10009,3158,64.28073900156525,32.8844290138875,31.396309987677757,28.956498526326303,33.92001302993972
scan_group,benefit_apparent,2.0,,rrt_on,10009,10009,3158,0.10350684384054351,0.06454191227894894,0.038964931561594564,0.031519132780497554,0.04681037066640024
scan_group,benefit_apparent,2.0,,any_vasopressor,10009,10009,3158,0.5863722649615346,0.5814766709961036,0.004895593965431112,-0.008792087121590568,0.01773653711659506
scan_group,benefit_apparent,2.0,,nee_mcgkgmin_max,10009,10009,3158,0.2652652612648616,0.2003027275452093,0.06496253371965231,0.030750949145768813,0.11052000699370565
scan_group,benefit_apparent,2.0,,icu_los_hours,10009,10009,3158,732.8292453458554,421.44490791620865,311.3843374296466,291.9272425650248,330.91903744962866
article_oriented_group,macro_benefit_relative,2.0,,mortality_anytime,7085,7085,2968,0.3570924488355681,0.4228652081863091,-0.065772759350741,-0.08060691601976006,-0.04911785462244178
article_oriented_group,macro_benefit_relative,2.0,,vm_time_hours,5629,5629,2263,81.90016284716053,57.73370047965891,24.166462367501627,20.573430893586785,27.97442618582341
article_oriented_group,macro_benefit_relative,2.0,,ventilation_hours,7085,7085,2968,46.20611620795107,32.1116325570454,14.094483650905667,12.144796518466244,16.483784991766644
article_oriented_group,macro_benefit_relative,2.0,,rrt_on,7085,7085,2968,0.07904022582921666,0.06365561044460127,0.015384615384615385,0.0074805928016937195,0.0239273112208892
article_oriented_group,macro_benefit_relative,2.0,,any_vasopressor,7085,7085,2968,0.547212420606916,0.5465067043048695,0.0007057163020465773,-0.013913196894848271,0.016654904728299225
article_oriented_group,macro_benefit_relative,2.0,,nee_mcgkgmin_max,7085,7085,2968,0.2036527875793931,0.1832223006351447,0.02043048694424841,-0.021485215243472126,0.07431721947776992
article_oriented_group,macro_benefit_relative,2.0,,icu_los_hours,7085,7085,2968,532.4073747353564,412.87355916254995,119.5338155728064,101.76070483415667,137.65633086332627
article_oriented_group,macro_risk_high_support,2.0,,mortality_anytime,2924,2924,667,0.45109439124487005,0.5010259917920656,-0.04993160054719562,-0.07662448700410396,-0.024281805745554035
article_oriented_group,macro_risk_high_support,2.0,,vm_time_hours,2605,2605,565,190.40975687779908,62.56692898272553,127.84282789507357,118.74474456174023,135.63228358925144
article_oriented_group,macro_risk_high_support,2.0,,ventilation_hours,2924,2924,667,108.07646488828087,34.75695394436844,73.31951094391245,67.14721200980391,78.8875598495212
article_oriented_group,macro_risk_high_support,2.0,,rrt_on,2924,2924,667,0.16279069767441862,0.06668946648426813,0.09610123119015047,0.0788218194254446,0.11167065663474691
article_oriented_group,macro_risk_high_support,2.0,,any_vasopressor,2924,2924,667,0.6812585499316005,0.6662106703146374,0.015047879616963064,-0.009233926128590971,0.04089432284541721
article_oriented_group,macro_risk_high_support,2.0,,nee_mcgkgmin_max,2924,2924,667,0.4145554035567715,0.24168946648426815,0.1728659370725034,0.09978411422708619,0.2678413987688098
article_oriented_group,macro_risk_high_support,2.0,,icu_los_hours,2924,2924,667,1218.4615823073416,442.2137197902416,776.2478625170999,728.1696627051983,817.4644572218422
cluster,benefit_apparent,3.0,0.0,mortality_anytime,121,121,110,0.35537190082644626,0.47107438016528924,-0.11570247933884298,-0.23574380165289255,-0.008264462809917356
cluster,benefit_apparent,3.0,0.0,vm_time_hours,96,96,86,57.668923611111104,49.89895833333333,7.769965277777776,-10.451080729166668,28.719700520833324
cluster,benefit_apparent,3.0,0.0,ventilation_hours,121,121,110,30.5530303030303,30.424242424242422,0.12878787878788034,-11.85254820936639,12.50437327823691
cluster,benefit_apparent,3.0,0.0,rrt_on,121,121,110,0.06611570247933884,0.06611570247933884,0.0,-0.05785123966942149,0.062190082644627914
cluster,benefit_apparent,3.0,0.0,any_vasopressor,121,121,110,0.4132231404958678,0.5867768595041323,-0.17355371900826447,-0.3183884297520661,-0.040909090909091284
cluster,benefit_apparent,3.0,0.0,nee_mcgkgmin_max,121,121,110,0.11760330578512397,0.1587603305785124,-0.04115702479338843,-0.12019421487603307,0.027632231404958577
cluster,benefit_apparent,3.0,0.0,icu_los_hours,121,121,110,430.27892561983464,385.1308539944904,45.148071625344365,-58.64032369146006,151.67475895316804
cluster,benefit_apparent,3.0,1.0,mortality_anytime,2936,2936,673,0.4502724795640327,0.5006811989100818,-0.05040871934604905,-0.0776566757493188,-0.02452316076294278
cluster,benefit_apparent,3.0,1.0,vm_time_hours,2613,2613,569,189.91653909937492,62.50912743972446,127.40741165965046,119.25914306671768,135.88405807500956
cluster,benefit_apparent,3.0,1.0,ventilation_hours,2936,2936,673,107.66831289736604,34.72845708446866,72.93985581289738,67.02889134877384,79.26261140440508
cluster,benefit_apparent,3.0,1.0,rrt_on,2936,2936,673,0.16280653950953677,0.0667574931880109,0.09604904632152589,0.0800408719346049,0.11001362397820164
cluster,benefit_apparent,3.0,1.0,any_vasopressor,2936,2936,673,0.6801771117166212,0.6655313351498637,0.014645776566757493,-0.010217983651226158,0.0388283378746594
cluster,benefit_apparent,3.0,1.0,nee_mcgkgmin_max,2936,2936,673,0.4131846049046322,0.24116485013623976,0.17201975476839237,0.10383123297002726,0.2648174386920981
cluster,benefit_apparent,3.0,1.0,icu_los_hours,2936,2936,673,1215.0017029972753,441.7496877838328,773.2520152134423,726.6250674103087,818.9212115406448
cluster,benefit_apparent,3.0,2.0,mortality_anytime,6952,6952,2935,0.357307249712313,0.42203682393555814,-0.06472957422324511,-0.08207350402761796,-0.048899597238204834
cluster,benefit_apparent,3.0,2.0,vm_time_hours,5525,5525,2239,82.39733936651584,57.89017194570136,24.507167420814476,21.001599924585218,27.906478355957766
cluster,benefit_apparent,3.0,2.0,ventilation_hours,6952,6952,2935,46.544135980053696,32.148470464135016,14.39566551591868,12.155917062236286,16.778744426064442
cluster,benefit_apparent,3.0,2.0,rrt_on,6952,6952,2935,0.07911392405063292,0.06357882623705409,0.015535097813578827,0.006904487917146145,0.02316599539700805
cluster,benefit_apparent,3.0,2.0,any_vasopressor,6952,6952,2935,0.5497698504027618,0.5458860759493671,0.0038837744533947068,-0.012082853855005753,0.019994246260069046
cluster,benefit_apparent,3.0,2.0,nee_mcgkgmin_max,6952,6952,2935,0.20536536248561563,0.1837686996547756,0.021596662830840052,-0.020298403337169157,0.07793149453394704
cluster,benefit_apparent,3.0,2.0,icu_los_hours,6952,6952,2935,534.4619054468737,413.50175009589566,120.96015535097814,104.26187008534714,139.69989301639814
scan_group,benefit_apparent,3.0,,mortality_anytime,10009,10009,3158,0.3845539014886602,0.4456988710160855,-0.06114496952742532,-0.07529473473873514,-0.04695773803576781
scan_group,benefit_apparent,3.0,,vm_time_hours,8234,8234,2436,116.22946724961541,59.262794510565946,56.966672739049464,53.62992854829569,60.65290988583919
scan_group,benefit_apparent,3.0,,ventilation_hours,10009,10009,3158,64.28073900156525,32.8844290138875,31.396309987677757,28.956498526326303,33.92001302993972
scan_group,benefit_apparent,3.0,,rrt_on,10009,10009,3158,0.10350684384054351,0.06454191227894894,0.038964931561594564,0.031519132780497554,0.04681037066640024
scan_group,benefit_apparent,3.0,,any_vasopressor,10009,10009,3158,0.5863722649615346,0.5814766709961036,0.004895593965431112,-0.008792087121590568,0.01773653711659506
scan_group,benefit_apparent,3.0,,nee_mcgkgmin_max,10009,10009,3158,0.2652652612648616,0.2003027275452093,0.06496253371965231,0.030750949145768813,0.11052000699370565
scan_group,benefit_apparent,3.0,,icu_los_hours,10009,10009,3158,732.8292453458554,421.44490791620865,311.3843374296466,291.9272425650248,330.91903744962866
article_oriented_group,benefit_apparent,3.0,,mortality_anytime,10009,10009,3158,0.3845539014886602,0.4456988710160855,-0.06114496952742532,-0.07529473473873514,-0.04695773803576781
article_oriented_group,benefit_apparent,3.0,,vm_time_hours,8234,8234,2436,116.22946724961541,59.262794510565946,56.966672739049464,53.62992854829569,60.65290988583919
article_oriented_group,benefit_apparent,3.0,,ventilation_hours,10009,10009,3158,64.28073900156525,32.8844290138875,31.396309987677757,28.956498526326303,33.92001302993972
article_oriented_group,benefit_apparent,3.0,,rrt_on,10009,10009,3158,0.10350684384054351,0.06454191227894894,0.038964931561594564,0.031519132780497554,0.04681037066640024
article_oriented_group,benefit_apparent,3.0,,any_vasopressor,10009,10009,3158,0.5863722649615346,0.5814766709961036,0.004895593965431112,-0.008792087121590568,0.01773653711659506
article_oriented_group,benefit_apparent,3.0,,nee_mcgkgmin_max,10009,10009,3158,0.2652652612648616,0.2003027275452093,0.06496253371965231,0.030750949145768813,0.11052000699370565
article_oriented_group,benefit_apparent,3.0,,icu_los_hours,10009,10009,3158,732.8292453458554,421.44490791620865,311.3843374296466,291.9272425650248,330.91903744962866
cluster,harm_apparent,5.0,0.0,mortality_anytime,1813,1813,1259,0.46056260341974625,0.3910645339216768,0.0694980694980695,0.03750689464975179,0.09931053502482072
cluster,harm_apparent,5.0,0.0,vm_time_hours,1171,1171,830,61.767235980643335,57.902903501280946,3.8643324793623677,-2.2843257187588955,9.901798320523763
cluster,harm_apparent,5.0,0.0,ventilation_hours,1813,1813,1259,31.856223570509282,31.630492737635592,0.22573083287369003,-3.446025234418091,4.103948336091193
cluster,harm_apparent,5.0,0.0,rrt_on,1813,1813,1259,0.06508549365692223,0.06287920573634859,0.002206287920573635,-0.013789299503585218,0.018753447324875896
cluster,harm_apparent,5.0,0.0,any_vasopressor,1813,1813,1259,0.2548262548262548,0.5079977937120794,-0.2531715388858246,-0.28188086045228905,-0.22364864864864867
cluster,harm_apparent,5.0,0.0,nee_mcgkgmin_max,1813,1813,1259,0.08162713734142306,0.14767788196359624,-0.0660507446221732,-0.08895945945945946,-0.04400661886376173
cluster,harm_apparent,5.0,0.0,icu_los_hours,1813,1813,1259,416.2568946497518,408.88950174664456,7.3673929031071985,-23.343755745541454,34.871943371943345
cluster,benefit_apparent,5.0,1.0,mortality_anytime,2242,2242,421,0.467885816235504,0.5218554861730598,-0.05396966993755575,-0.08411016949152542,-0.022491079393398783
cluster,benefit_apparent,5.0,1.0,vm_time_hours,2047,2047,365,213.30436411007977,65.25428269011562,148.0500814199642,137.93279982901808,158.81895843510827
cluster,benefit_apparent,5.0,1.0,ventilation_hours,2242,2242,421,123.46297948260482,36.716845078798684,86.74613440380611,80.27826159678858,93.88884645405888
cluster,benefit_apparent,5.0,1.0,rrt_on,2242,2242,421,0.17707404103479035,0.06735057983942908,0.10972346119536129,0.09254014272970562,0.12756467439785907
cluster,benefit_apparent,5.0,1.0,any_vasopressor,2242,2242,421,0.7051739518287243,0.6949152542372882,0.010258697591436218,-0.015611061552185548,0.038592774308652975
cluster,benefit_apparent,5.0,1.0,nee_mcgkgmin_max,2242,2242,421,0.42354594112399646,0.26792595896520965,0.1556199821587868,0.08568833630686885,0.2356730597680642
cluster,benefit_apparent,5.0,1.0,icu_los_hours,2242,2242,421,1374.157931906036,456.61165625929226,917.546275646744,865.587812221231,972.2446058206957
cluster,neutral_apparent,5.0,2.0,mortality_anytime,1886,1886,1077,0.3886532343584305,0.3992576882290562,-0.010604453870625663,-0.041357370095440084,0.02042682926829267
cluster,neutral_apparent,5.0,2.0,vm_time_hours,1519,1519,858,96.63199473337723,53.40490454246215,43.22709019091507,36.46323266403335,50.681789554531484
cluster,neutral_apparent,5.0,2.0,ventilation_hours,1886,1886,1077,52.75574407917992,28.875265111346767,23.880478967833152,19.50011709084482,28.45828362495581
cluster,neutral_apparent,5.0,2.0,rrt_on,1886,1886,1077,0.10180275715800637,0.06521739130434782,0.036585365853658534,0.019870095440084837,0.05410922587486742
cluster,neutral_apparent,5.0,2.0,any_vasopressor,1886,1886,1077,0.5965005302226936,0.5440084835630965,0.05249204665959703,0.020121951219512196,0.083271474019088
cluster,neutral_apparent,5.0,2.0,nee_mcgkgmin_max,1886,1886,1077,0.25904029692470837,0.1752014846235419,0.08383881230116647,0.0017864528101802825,0.17955090137857901
cluster,neutral_apparent,5.0,2.0,icu_los_hours,1886,1886,1077,633.3616118769884,396.12318840579707,237.23842347119123,198.84656680805938,273.86146275185575
cluster,benefit_apparent,5.0,3.0,mortality_anytime,121,121,110,0.35537190082644626,0.47107438016528924,-0.11570247933884298,-0.23574380165289255,-0.008264462809917356
cluster,benefit_apparent,5.0,3.0,vm_time_hours,96,96,86,57.668923611111104,49.89895833333333,7.769965277777776,-10.451080729166668,28.719700520833324
cluster,benefit_apparent,5.0,3.0,ventilation_hours,121,121,110,30.5530303030303,30.424242424242422,0.12878787878788034,-11.85254820936639,12.50437327823691
cluster,benefit_apparent,5.0,3.0,rrt_on,121,121,110,0.06611570247933884,0.06611570247933884,0.0,-0.05785123966942149,0.062190082644627914
cluster,benefit_apparent,5.0,3.0,any_vasopressor,121,121,110,0.4132231404958678,0.5867768595041323,-0.17355371900826447,-0.3183884297520661,-0.040909090909091284
cluster,benefit_apparent,5.0,3.0,nee_mcgkgmin_max,121,121,110,0.11760330578512397,0.1587603305785124,-0.04115702479338843,-0.12019421487603307,0.027632231404958577
cluster,benefit_apparent,5.0,3.0,icu_los_hours,121,121,110,430.27892561983464,385.1308539944904,45.148071625344365,-58.64032369146006,151.67475895316804
cluster,benefit_apparent,5.0,4.0,mortality_anytime,3947,3947,1733,0.3012414492019255,0.4489485685330631,-0.14770711933113756,-0.1687484165188751,-0.12718520395236887
cluster,benefit_apparent,5.0,4.0,vm_time_hours,3401,3401,1412,86.95964422228757,59.00549348230912,27.954150739978438,23.55935362148388,32.72436771047731
cluster,benefit_apparent,5.0,4.0,ventilation_hours,3947,3947,1733,52.09838696056076,33.27461785322186,18.823769107338904,15.84758571911156,22.11845283337556
cluster,benefit_apparent,5.0,4.0,rrt_on,3947,3947,1733,0.08132759057512035,0.06333924499619964,0.0179883455789207,0.007600709399543958,0.02926906511274385
cluster,benefit_apparent,5.0,4.0,any_vasopressor,3947,3947,1733,0.671649353939701,0.568533063085888,0.10311629085381302,0.0820749936660755,0.12250443374714973
cluster,benefit_apparent,5.0,4.0,nee_mcgkgmin_max,3947,3947,1733,0.2672105396503674,0.19933113757284013,0.06787940207752723,0.0011677223207499452,0.15967329617430956
cluster,benefit_apparent,5.0,4.0,icu_los_hours,3947,3947,1733,570.7545815387214,420.44918081243134,150.30540072629003,127.15304872899249,176.2428030782873
scan_group,benefit_apparent,5.0,,mortality_anytime,6310,6310,1906,0.36148969889064975,0.47527733755942947,-0.11378763866877971,-0.13090332805071314,-0.09611331220285262
scan_group,benefit_apparent,5.0,,vm_time_hours,5544,5544,1559,133.1024531024531,61.155032467532465,71.94742063492063,67.63021915584415,76.97273230820105
scan_group,benefit_apparent,5.0,,ventilation_hours,6310,6310,1906,77.04171949286847,34.44301373481246,42.598705758056,39.34566494981511,45.98723025620708
scan_group,benefit_apparent,5.0,,rrt_on,6310,6310,1906,0.11505546751188589,0.06481774960380349,0.05023771790808241,0.03929477020602219,0.059829635499207605
scan_group,benefit_apparent,5.0,,any_vasopressor,6310,6310,1906,0.6786053882725832,0.6137876386687797,0.06481774960380349,0.04817749603803487,0.07995641838351822
scan_group,benefit_apparent,5.0,,nee_mcgkgmin_max,6310,6310,1906,0.3198890649762282,0.22292551505546754,0.0969635499207607,0.04576331220285262,0.16186885895404118
scan_group,benefit_apparent,5.0,,icu_los_hours,6310,6310,1906,853.5173005810881,432.6207739038563,420.8965266772319,396.31038860274697,450.0620856444796
scan_group,harm_apparent,5.0,,mortality_anytime,1813,1813,1259,0.46056260341974625,0.3910645339216768,0.0694980694980695,0.03750689464975179,0.09931053502482072
scan_group,harm_apparent,5.0,,vm_time_hours,1171,1171,830,61.767235980643335,57.902903501280946,3.8643324793623677,-2.2843257187588955,9.901798320523763
scan_group,harm_apparent,5.0,,ventilation_hours,1813,1813,1259,31.856223570509282,31.630492737635592,0.22573083287369003,-3.446025234418091,4.103948336091193
scan_group,harm_apparent,5.0,,rrt_on,1813,1813,1259,0.06508549365692223,0.06287920573634859,0.002206287920573635,-0.013789299503585218,0.018753447324875896
scan_group,harm_apparent,5.0,,any_vasopressor,1813,1813,1259,0.2548262548262548,0.5079977937120794,-0.2531715388858246,-0.28188086045228905,-0.22364864864864867
scan_group,harm_apparent,5.0,,nee_mcgkgmin_max,1813,1813,1259,0.08162713734142306,0.14767788196359624,-0.0660507446221732,-0.08895945945945946,-0.04400661886376173
scan_group,harm_apparent,5.0,,icu_los_hours,1813,1813,1259,416.2568946497518,408.88950174664456,7.3673929031071985,-23.343755745541454,34.871943371943345
scan_group,neutral_apparent,5.0,,mortality_anytime,1886,1886,1077,0.3886532343584305,0.3992576882290562,-0.010604453870625663,-0.041357370095440084,0.02042682926829267
scan_group,neutral_apparent,5.0,,vm_time_hours,1519,1519,858,96.63199473337723,53.40490454246215,43.22709019091507,36.46323266403335,50.681789554531484
scan_group,neutral_apparent,5.0,,ventilation_hours,1886,1886,1077,52.75574407917992,28.875265111346767,23.880478967833152,19.50011709084482,28.45828362495581
scan_group,neutral_apparent,5.0,,rrt_on,1886,1886,1077,0.10180275715800637,0.06521739130434782,0.036585365853658534,0.019870095440084837,0.05410922587486742
scan_group,neutral_apparent,5.0,,any_vasopressor,1886,1886,1077,0.5965005302226936,0.5440084835630965,0.05249204665959703,0.020121951219512196,0.083271474019088
scan_group,neutral_apparent,5.0,,nee_mcgkgmin_max,1886,1886,1077,0.25904029692470837,0.1752014846235419,0.08383881230116647,0.0017864528101802825,0.17955090137857901
scan_group,neutral_apparent,5.0,,icu_los_hours,1886,1886,1077,633.3616118769884,396.12318840579707,237.23842347119123,198.84656680805938,273.86146275185575
article_oriented_group,benefit_apparent,5.0,,mortality_anytime,6310,6310,1906,0.36148969889064975,0.47527733755942947,-0.11378763866877971,-0.13090332805071314,-0.09611331220285262
article_oriented_group,benefit_apparent,5.0,,vm_time_hours,5544,5544,1559,133.1024531024531,61.155032467532465,71.94742063492063,67.63021915584415,76.97273230820105
article_oriented_group,benefit_apparent,5.0,,ventilation_hours,6310,6310,1906,77.04171949286847,34.44301373481246,42.598705758056,39.34566494981511,45.98723025620708
article_oriented_group,benefit_apparent,5.0,,rrt_on,6310,6310,1906,0.11505546751188589,0.06481774960380349,0.05023771790808241,0.03929477020602219,0.059829635499207605
article_oriented_group,benefit_apparent,5.0,,any_vasopressor,6310,6310,1906,0.6786053882725832,0.6137876386687797,0.06481774960380349,0.04817749603803487,0.07995641838351822
article_oriented_group,benefit_apparent,5.0,,nee_mcgkgmin_max,6310,6310,1906,0.3198890649762282,0.22292551505546754,0.0969635499207607,0.04576331220285262,0.16186885895404118
article_oriented_group,benefit_apparent,5.0,,icu_los_hours,6310,6310,1906,853.5173005810881,432.6207739038563,420.8965266772319,396.31038860274697,450.0620856444796
article_oriented_group,harm_apparent,5.0,,mortality_anytime,1813,1813,1259,0.46056260341974625,0.3910645339216768,0.0694980694980695,0.03750689464975179,0.09931053502482072
article_oriented_group,harm_apparent,5.0,,vm_time_hours,1171,1171,830,61.767235980643335,57.902903501280946,3.8643324793623677,-2.2843257187588955,9.901798320523763
article_oriented_group,harm_apparent,5.0,,ventilation_hours,1813,1813,1259,31.856223570509282,31.630492737635592,0.22573083287369003,-3.446025234418091,4.103948336091193
article_oriented_group,harm_apparent,5.0,,rrt_on,1813,1813,1259,0.06508549365692223,0.06287920573634859,0.002206287920573635,-0.013789299503585218,0.018753447324875896
article_oriented_group,harm_apparent,5.0,,any_vasopressor,1813,1813,1259,0.2548262548262548,0.5079977937120794,-0.2531715388858246,-0.28188086045228905,-0.22364864864864867
article_oriented_group,harm_apparent,5.0,,nee_mcgkgmin_max,1813,1813,1259,0.08162713734142306,0.14767788196359624,-0.0660507446221732,-0.08895945945945946,-0.04400661886376173
article_oriented_group,harm_apparent,5.0,,icu_los_hours,1813,1813,1259,416.2568946497518,408.88950174664456,7.3673929031071985,-23.343755745541454,34.871943371943345
article_oriented_group,neutral_apparent,5.0,,mortality_anytime,1886,1886,1077,0.3886532343584305,0.3992576882290562,-0.010604453870625663,-0.041357370095440084,0.02042682926829267
article_oriented_group,neutral_apparent,5.0,,vm_time_hours,1519,1519,858,96.63199473337723,53.40490454246215,43.22709019091507,36.46323266403335,50.681789554531484
article_oriented_group,neutral_apparent,5.0,,ventilation_hours,1886,1886,1077,52.75574407917992,28.875265111346767,23.880478967833152,19.50011709084482,28.45828362495581
article_oriented_group,neutral_apparent,5.0,,rrt_on,1886,1886,1077,0.10180275715800637,0.06521739130434782,0.036585365853658534,0.019870095440084837,0.05410922587486742
article_oriented_group,neutral_apparent,5.0,,any_vasopressor,1886,1886,1077,0.5965005302226936,0.5440084835630965,0.05249204665959703,0.020121951219512196,0.083271474019088
article_oriented_group,neutral_apparent,5.0,,nee_mcgkgmin_max,1886,1886,1077,0.25904029692470837,0.1752014846235419,0.08383881230116647,0.0017864528101802825,0.17955090137857901
article_oriented_group,neutral_apparent,5.0,,icu_los_hours,1886,1886,1077,633.3616118769884,396.12318840579707,237.23842347119123,198.84656680805938,273.86146275185575
cluster,harm_apparent,6.0,0.0,mortality_anytime,1773,1773,1234,0.45854483925549916,0.38860688099266777,0.06993795826283136,0.035800902425267914,0.10095882684715173
cluster,harm_apparent,6.0,0.0,vm_time_hours,1145,1145,813,60.87529839883551,58.40196506550218,2.473333333333333,-3.8781033478893745,8.972572416302764
cluster,harm_apparent,6.0,0.0,ventilation_hours,1773,1773,1234,30.98641661966535,31.932694115435236,-0.9462774957698815,-4.347763912389547,2.820487873660463
cluster,harm_apparent,6.0,0.0,rrt_on,1773,1773,1234,0.06429780033840947,0.06147772137619854,0.0028200789622109417,-0.013268471517202481,0.019740552735476594
cluster,harm_apparent,6.0,0.0,any_vasopressor,1773,1773,1234,0.24985899605188946,0.5076142131979695,-0.2577552171460801,-0.287112239142696,-0.22925831923293855
cluster,harm_apparent,6.0,0.0,nee_mcgkgmin_max,1773,1773,1234,0.07456288776085732,0.14869712351945855,-0.07413423575860124,-0.09481725888324873,-0.05351438240270728
cluster,harm_apparent,6.0,0.0,icu_los_hours,1773,1773,1234,411.71108291032147,411.2800808422636,0.43100206805791247,-25.041513912389537,26.95877397067118
cluster,harm_apparent,6.0,1.0,mortality_anytime,1063,1063,172,0.5663217309501412,0.5446848541862653,0.021636876763875823,-0.020249294449670743,0.06491063029162747
cluster,harm_apparent,6.0,1.0,vm_time_hours,1011,1011,153,253.42482690405538,68.56267721727663,184.86214968677876,167.67987265084074,199.89989737883283
cluster,harm_apparent,6.0,1.0,ventilation_hours,1063,1063,172,152.59203512072747,42.13068359987457,110.46135152085294,99.47763993414864,122.52957235810595
cluster,harm_apparent,6.0,1.0,rrt_on,1063,1063,172,0.3104421448730009,0.05644402634054563,0.2539981185324553,0.22389463781749766,0.2836547507055503
cluster,harm_apparent,6.0,1.0,any_vasopressor,1063,1063,172,0.819379115710254,0.7206020696142992,0.09877704609595485,0.0644167450611477,0.13690028222013167
cluster,harm_apparent,6.0,1.0,nee_mcgkgmin_max,1063,1063,172,0.6522577610536219,0.2908372530573847,0.3614205079962371,0.23453057384760112,0.5102460018814675
cluster,harm_apparent,6.0,1.0,icu_los_hours,1063,1063,172,1661.9626058325493,469.76599247412975,1192.1966133584197,1101.1303406240202,1273.7118120884288
cluster,neutral_apparent,6.0,2.0,mortality_anytime,1833,1833,1089,0.3933442444080742,0.39879978177850517,-0.005455537370430988,-0.03959356246590289,0.028396072013093267
cluster,neutral_apparent,6.0,2.0,vm_time_hours,1473,1473,864,95.28835709436524,52.63962434940031,42.648732744964924,36.01376923512107,50.428414516859014
cluster,neutral_apparent,6.0,2.0,ventilation_hours,1833,1833,1089,52.76904891798508,28.21672122204037,24.552327695944715,19.55466334788143,28.842957810510995
cluster,neutral_apparent,6.0,2.0,rrt_on,1833,1833,1089,0.10638297872340426,0.06764866339334424,0.03873431533006001,0.020990180032733226,0.05837424986361157
cluster,neutral_apparent,6.0,2.0,any_vasopressor,1833,1833,1089,0.6121112929623568,0.541189307146754,0.07092198581560284,0.03844789961811239,0.09931805782869611
cluster,neutral_apparent,6.0,2.0,nee_mcgkgmin_max,1833,1833,1089,0.2610638297872341,0.17442989634478998,0.08663393344244409,0.0065916530278232405,0.18733060556464806
cluster,neutral_apparent,6.0,2.0,icu_los_hours,1833,1833,1089,625.5785142753228,391.8003273322422,233.77818694308053,195.19138138752498,271.8051861702127
cluster,benefit_apparent,6.0,3.0,mortality_anytime,121,121,110,0.35537190082644626,0.47107438016528924,-0.11570247933884298,-0.23574380165289255,-0.008264462809917356
cluster,benefit_apparent,6.0,3.0,vm_time_hours,96,96,86,57.668923611111104,49.89895833333333,7.769965277777776,-10.451080729166668,28.719700520833324
cluster,benefit_apparent,6.0,3.0,ventilation_hours,121,121,110,30.5530303030303,30.424242424242422,0.12878787878788034,-11.85254820936639,12.50437327823691
cluster,benefit_apparent,6.0,3.0,rrt_on,121,121,110,0.06611570247933884,0.06611570247933884,0.0,-0.05785123966942149,0.062190082644627914
cluster,benefit_apparent,6.0,3.0,any_vasopressor,121,121,110,0.4132231404958678,0.5867768595041323,-0.17355371900826447,-0.3183884297520661,-0.040909090909091284
cluster,benefit_apparent,6.0,3.0,nee_mcgkgmin_max,121,121,110,0.11760330578512397,0.1587603305785124,-0.04115702479338843,-0.12019421487603307,0.027632231404958577
cluster,benefit_apparent,6.0,3.0,icu_los_hours,121,121,110,430.27892561983464,385.1308539944904,45.148071625344365,-58.64032369146006,151.67475895316804
cluster,benefit_apparent,6.0,4.0,mortality_anytime,1332,1332,406,0.37537537537537535,0.49324324324324326,-0.11786786786786786,-0.15579954954954955,-0.08143768768768771
cluster,benefit_apparent,6.0,4.0,vm_time_hours,1158,1158,347,166.81083765112263,61.19405584340818,105.61678180771446,94.46537708693148,117.22950057570525
cluster,benefit_apparent,6.0,4.0,ventilation_hours,1332,1332,406,92.27214714714714,31.799299299299296,60.472847847847845,52.60567911661661,69.02121340090089
cluster,benefit_apparent,6.0,4.0,rrt_on,1332,1332,406,0.05555555555555555,0.07357357357357357,-0.018018018018018018,-0.03528528528528529,0.0015015015015015015
cluster,benefit_apparent,6.0,4.0,any_vasopressor,1332,1332,406,0.5773273273273273,0.6546546546546547,-0.07732732732732733,-0.11379504504504505,-0.038644894894894914
cluster,benefit_apparent,6.0,4.0,nee_mcgkgmin_max,1332,1332,406,0.22066816816816817,0.2331831831831832,-0.012515015015015025,-0.06998498498498498,0.0656809309309309
cluster,benefit_apparent,6.0,4.0,icu_los_hours,1332,1332,406,1063.6320695695695,440.1113613613613,623.5207082082081,563.5023382757757,691.219532032032
cluster,benefit_apparent,6.0,5.0,mortality_anytime,3887,3887,1704,0.3010033444816054,0.44970414201183434,-0.14870079753022897,-0.16852328273732955,-0.12811937226652945
cluster,benefit_apparent,6.0,5.0,vm_time_hours,3351,3351,1388,87.15481945687854,59.26336914353924,27.891450313339302,23.431562095891774,32.6739537948871
cluster,benefit_apparent,6.0,5.0,ventilation_hours,3887,3887,1704,52.20287711173998,33.43952062430323,18.763356487436756,15.266462460337879,22.02952952148186
cluster,benefit_apparent,6.0,5.0,rrt_on,3887,3887,1704,0.08103936197581682,0.06354515050167224,0.017494211474144584,0.005524826344224338,0.029489323385644427
cluster,benefit_apparent,6.0,5.0,any_vasopressor,3887,3887,1704,0.6724980704913815,0.5708772832518652,0.10162078723951634,0.08089143298173398,0.12209287368150243
cluster,benefit_apparent,6.0,5.0,nee_mcgkgmin_max,3887,3887,1704,0.26827887831232317,0.20130949318240288,0.06696938512992026,0.0022180987908412705,0.156007589400566
cluster,benefit_apparent,6.0,5.0,icu_los_hours,3887,3887,1704,571.8422519509476,421.58016036360516,150.2620915873424,125.74684042963726,177.16823707229224
scan_group,benefit_apparent,6.0,,mortality_anytime,5340,5340,1889,0.32078651685393256,0.4610486891385768,-0.1402621722846442,-0.16127340823970038,-0.12078651685393259
scan_group,benefit_apparent,6.0,,vm_time_hours,4605,4605,1539,106.5708939558451,59.553651827723485,47.01724212812161,42.584207111834964,51.743593738689825
scan_group,benefit_apparent,6.0,,ventilation_hours,5340,5340,1889,61.707116104868916,32.962063046192256,28.74505305867665,25.8509429619226,31.953197955680395
scan_group,benefit_apparent,6.0,,rrt_on,5340,5340,1889,0.07434456928838952,0.06610486891385768,0.008239700374531835,-0.0011235955056179776,0.017612359550561788
scan_group,benefit_apparent,6.0,,any_vasopressor,5340,5340,1889,0.6428838951310861,0.5921348314606741,0.05074906367041199,0.033609550561797756,0.06928838951310862
scan_group,benefit_apparent,6.0,,nee_mcgkgmin_max,5340,5340,1889,0.25298876404494386,0.20829588014981276,0.04469288389513108,-0.008189325842696623,0.12022148876404493
scan_group,benefit_apparent,6.0,,icu_los_hours,5340,5340,1889,691.3057116104869,425.37663857677904,265.9290730337079,242.41273213171033,292.23094179151053
scan_group,harm_apparent,6.0,,mortality_anytime,2836,2836,1295,0.49894217207334274,0.44710860366713684,0.05183356840620593,0.02711565585331453,0.07827926657263752
scan_group,harm_apparent,6.0,,vm_time_hours,2156,2156,875,151.16638064316635,63.166566171923314,87.99981447124304,79.18706651978974,97.162195423624
scan_group,harm_apparent,6.0,,ventilation_hours,2836,2836,1295,76.56708392101551,35.75514221908791,40.811941701927594,35.44236307005172,46.12189042665725
scan_group,harm_apparent,6.0,,rrt_on,2836,2836,1295,0.15655853314527504,0.05959097320169252,0.09696755994358251,0.0826780677009873,0.11177715091678421
scan_group,harm_apparent,6.0,,any_vasopressor,2836,2836,1295,0.4633286318758815,0.5874471086036671,-0.12411847672778561,-0.1486336389280677,-0.10101375176304654
scan_group,harm_apparent,6.0,,nee_mcgkgmin_max,2836,2836,1295,0.29109661495063466,0.2019746121297602,0.08912200282087449,0.0359683533145275,0.1527116537376586
scan_group,harm_apparent,6.0,,icu_los_hours,2836,2836,1295,880.3349788434415,433.20198636577334,447.1329924776681,403.2104122590504,484.3438087682181
scan_group,neutral_apparent,6.0,,mortality_anytime,1833,1833,1089,0.3933442444080742,0.39879978177850517,-0.005455537370430988,-0.03959356246590289,0.028396072013093267
scan_group,neutral_apparent,6.0,,vm_time_hours,1473,1473,864,95.28835709436524,52.63962434940031,42.648732744964924,36.01376923512107,50.428414516859014
scan_group,neutral_apparent,6.0,,ventilation_hours,1833,1833,1089,52.76904891798508,28.21672122204037,24.552327695944715,19.55466334788143,28.842957810510995
scan_group,neutral_apparent,6.0,,rrt_on,1833,1833,1089,0.10638297872340426,0.06764866339334424,0.03873431533006001,0.020990180032733226,0.05837424986361157
scan_group,neutral_apparent,6.0,,any_vasopressor,1833,1833,1089,0.6121112929623568,0.541189307146754,0.07092198581560284,0.03844789961811239,0.09931805782869611
scan_group,neutral_apparent,6.0,,nee_mcgkgmin_max,1833,1833,1089,0.2610638297872341,0.17442989634478998,0.08663393344244409,0.0065916530278232405,0.18733060556464806
scan_group,neutral_apparent,6.0,,icu_los_hours,1833,1833,1089,625.5785142753228,391.8003273322422,233.77818694308053,195.19138138752498,271.8051861702127
article_oriented_group,benefit_apparent,6.0,,mortality_anytime,5340,5340,1889,0.32078651685393256,0.4610486891385768,-0.1402621722846442,-0.16127340823970038,-0.12078651685393259
article_oriented_group,benefit_apparent,6.0,,vm_time_hours,4605,4605,1539,106.5708939558451,59.553651827723485,47.01724212812161,42.584207111834964,51.743593738689825
article_oriented_group,benefit_apparent,6.0,,ventilation_hours,5340,5340,1889,61.707116104868916,32.962063046192256,28.74505305867665,25.8509429619226,31.953197955680395
article_oriented_group,benefit_apparent,6.0,,rrt_on,5340,5340,1889,0.07434456928838952,0.06610486891385768,0.008239700374531835,-0.0011235955056179776,0.017612359550561788
article_oriented_group,benefit_apparent,6.0,,any_vasopressor,5340,5340,1889,0.6428838951310861,0.5921348314606741,0.05074906367041199,0.033609550561797756,0.06928838951310862
article_oriented_group,benefit_apparent,6.0,,nee_mcgkgmin_max,5340,5340,1889,0.25298876404494386,0.20829588014981276,0.04469288389513108,-0.008189325842696623,0.12022148876404493
article_oriented_group,benefit_apparent,6.0,,icu_los_hours,5340,5340,1889,691.3057116104869,425.37663857677904,265.9290730337079,242.41273213171033,292.23094179151053
article_oriented_group,harm_apparent,6.0,,mortality_anytime,2836,2836,1295,0.49894217207334274,0.44710860366713684,0.05183356840620593,0.02711565585331453,0.07827926657263752
article_oriented_group,harm_apparent,6.0,,vm_time_hours,2156,2156,875,151.16638064316635,63.166566171923314,87.99981447124304,79.18706651978974,97.162195423624
article_oriented_group,harm_apparent,6.0,,ventilation_hours,2836,2836,1295,76.56708392101551,35.75514221908791,40.811941701927594,35.44236307005172,46.12189042665725
article_oriented_group,harm_apparent,6.0,,rrt_on,2836,2836,1295,0.15655853314527504,0.05959097320169252,0.09696755994358251,0.0826780677009873,0.11177715091678421
article_oriented_group,harm_apparent,6.0,,any_vasopressor,2836,2836,1295,0.4633286318758815,0.5874471086036671,-0.12411847672778561,-0.1486336389280677,-0.10101375176304654
article_oriented_group,harm_apparent,6.0,,nee_mcgkgmin_max,2836,2836,1295,0.29109661495063466,0.2019746121297602,0.08912200282087449,0.0359683533145275,0.1527116537376586
article_oriented_group,harm_apparent,6.0,,icu_los_hours,2836,2836,1295,880.3349788434415,433.20198636577334,447.1329924776681,403.2104122590504,484.3438087682181
article_oriented_group,neutral_apparent,6.0,,mortality_anytime,1833,1833,1089,0.3933442444080742,0.39879978177850517,-0.005455537370430988,-0.03959356246590289,0.028396072013093267
article_oriented_group,neutral_apparent,6.0,,vm_time_hours,1473,1473,864,95.28835709436524,52.63962434940031,42.648732744964924,36.01376923512107,50.428414516859014
article_oriented_group,neutral_apparent,6.0,,ventilation_hours,1833,1833,1089,52.76904891798508,28.21672122204037,24.552327695944715,19.55466334788143,28.842957810510995
article_oriented_group,neutral_apparent,6.0,,rrt_on,1833,1833,1089,0.10638297872340426,0.06764866339334424,0.03873431533006001,0.020990180032733226,0.05837424986361157
article_oriented_group,neutral_apparent,6.0,,any_vasopressor,1833,1833,1089,0.6121112929623568,0.541189307146754,0.07092198581560284,0.03844789961811239,0.09931805782869611
article_oriented_group,neutral_apparent,6.0,,nee_mcgkgmin_max,1833,1833,1089,0.2610638297872341,0.17442989634478998,0.08663393344244409,0.0065916530278232405,0.18733060556464806
article_oriented_group,neutral_apparent,6.0,,icu_los_hours,1833,1833,1089,625.5785142753228,391.8003273322422,233.77818694308053,195.19138138752498,271.8051861702127
