metric,category,n_pairs,transfused_mean,control_mean,diff_mean,transfused_median,control_median,diff_median,cluster,k,n_transfused,n_control
mortality_anytime,mortality,121,0.35537190082644626,0.47107438016528924,-0.11570247933884298,0.0,0.0,0.0,0,3,121,110
vm_time_hours,ventilation,121,60.983333333333334,49.74324324324324,11.240090090090092,31.425,26.0,5.425000000000001,0,3,121,110
rrt_on,dialysis_rrt,121,0.06611570247933884,0.06611570247933884,0.0,0.0,0.0,0.0,0,3,121,110
any_vasopressor,vasopressor,121,0.4132231404958678,0.5867768595041323,-0.1735537190082645,0.0,1.0,-1.0,0,3,121,110
icu_los_hours,icu_los,121,430.27892561983464,385.1308539944904,45.148071625344244,258.75,236.66666666666666,22.083333333333343,0,3,121,110
ventilation_hours,ventilation,121,30.5530303030303,30.424242424242422,0.1287878787878789,15.916666666666666,9.25,6.666666666666666,0,3,121,110
nee_mcgkgmin_max,vasopressor,121,0.11760330578512397,0.1587603305785124,-0.04115702479338844,0.0,0.05,-0.05,0,3,121,110
sofa_delta,sofa_delta,121,2.211994652113702,1.3365899473346616,0.8754047047790403,1.7865612648221343,0.7428196559932478,1.0437416088288864,0,3,121,110
mortality_anytime,mortality,2936,0.4502724795640327,0.5006811989100818,-0.05040871934604907,0.0,1.0,-1.0,1,3,2936,673
vm_time_hours,ventilation,2936,185.60091372967838,62.1253054740958,123.47560825558259,112.0,48.0,64.0,1,3,2936,673
rrt_on,dialysis_rrt,2936,0.16280653950953677,0.0667574931880109,0.09604904632152587,0.0,0.0,0.0,1,3,2936,673
any_vasopressor,vasopressor,2936,0.6801771117166212,0.6655313351498637,0.014645776566757474,1.0,1.0,0.0,1,3,2936,673
icu_los_hours,icu_los,2936,1215.0017029972753,441.7496877838328,773.2520152134425,766.25,340.41666666666663,425.83333333333337,1,3,2936,673
ventilation_hours,ventilation,2936,107.66831289736604,34.72845708446866,72.93985581289738,51.5,18.083333333333332,33.41666666666667,1,3,2936,673
nee_mcgkgmin_max,vasopressor,2936,0.4131846049046322,0.24116485013623976,0.17201975476839246,0.12,0.15,-0.03,1,3,2936,673
sofa_delta,sofa_delta,2936,0.14321091254638416,1.3448316905196411,-1.201620777973257,-0.07789453388605039,0.906764168190128,-0.9846587020761783,1,3,2936,673
mortality_anytime,mortality,6952,0.357307249712313,0.42203682393555814,-0.06472957422324516,0.0,0.0,0.0,2,3,6952,2935
vm_time_hours,ventilation,6952,81.55251286217168,57.989407074436784,23.563105787734898,44.0,37.9,6.100000000000001,2,3,6952,2935
rrt_on,dialysis_rrt,6952,0.07911392405063292,0.06357882623705409,0.015535097813578827,0.0,0.0,0.0,2,3,6952,2935
any_vasopressor,vasopressor,6952,0.5497698504027618,0.5458860759493671,0.003883774453394717,1.0,1.0,0.0,2,3,6952,2935
icu_los_hours,icu_los,6952,534.4619054468737,413.50175009589566,120.96015535097808,311.25,281.25,30.0,2,3,6952,2935
ventilation_hours,ventilation,6952,46.544135980053696,32.148470464135016,14.39566551591868,19.083333333333332,17.166666666666664,1.9166666666666679,2,3,6952,2935
nee_mcgkgmin_max,vasopressor,6952,0.20536536248561563,0.1837686996547756,0.021596662830840024,0.05,0.05,0.0,2,3,6952,2935
sofa_delta,sofa_delta,6952,1.5595050807645374,1.0636720687192316,0.49583301204530583,1.1476850705620203,0.7463404209851481,0.4013446495768722,2,3,6952,2935
