group_id,feature,smd_unweighted,smd_overlap,smd_iptw
B1,age,0.21749908804115822,0.09671614107652154,0.1576148653388067
B1,bmi,-0.16965979062840422,-0.25078564830116495,-0.22173430720638707
B1,hemoglobin_mean,0.12137179999449177,-0.04759207680901516,-0.11139618983659037
B1,hemoglobin_median,0.10543799101894065,0.007225884468819421,-0.08963703371392623
B1,hemoglobin_min,-0.0404019455586817,-0.03515723484086631,-0.16213077373857906
B1,hemoglobin_max,0.3785569475344285,-0.1461702581523105,-0.10679967627247909
B1,hemoglobin_std,0.3292524125219636,-0.12329080416419286,-0.04004763008063244
B1,hemoglobin_first,0.3703347953899516,-0.1279514274244133,-0.09275437843985475
B1,hemoglobin_last,-0.04646184893704013,-0.043283797938552915,-0.16762531648671253
B1,hemoglobin_delta,-0.43388095102212193,0.11782179196910969,0.01173788916784763
B1,hemoglobin_slope,0.3330986235320877,0.21103934419142206,0.3452613114945292
B1,lactate_mean,0.07258242116110081,-0.06657641060353643,-0.05492156105031944
B1,lactate_median,-0.019836106571554515,-0.17116937454535242,-0.1330701906102458
B1,lactate_min,0.09774138679434684,0.2635287743663343,0.13267970053382688
B1,lactate_max,0.15838684732347624,-0.015179113922665364,0.010621214446481043
B1,lactate_std,0.0712660511214362,-0.23062268093339477,-0.13346704135809126
B1,lactate_first,0.1907048530010399,0.20048689621434646,0.16740091353989314
B1,lactate_last,-0.027862837479603195,-0.25552366989191433,-0.25559588662979715
B1,lactate_delta,-0.20504303384482434,-0.38507555764641904,-0.35317822798216597
B1,lactate_slope,-0.3170109777415717,-0.3248084650435463,-0.3495383682506295
B1,creatinine_mean,-0.047933727187629525,-0.09764786970052113,-0.12227172924563154
B1,creatinine_median,-0.06375502765342222,-0.13735885810789977,-0.15411096234757557
B1,creatinine_min,-0.12218280059391014,0.07209655687710867,-0.02282439765410976
B1,creatinine_max,0.013089566196363516,-0.09631690282568695,-0.11645694756699482
B1,creatinine_std,0.15870242817085325,-0.16445694013761653,-0.12527804849784588
B1,creatinine_first,-0.13258603949022396,0.030565229059921848,-0.05660696198543866
B1,creatinine_last,0.00920360430164782,-0.0727030543987322,-0.09559145858199358
B1,creatinine_delta,0.15321096217405705,-0.13155785792397243,-0.07028447072743514
B1,creatinine_slope,-0.09515771556875743,-0.10522354841241348,-0.14388532916727204
B1,platelets_mean,-0.07178361968559453,-0.0972129793764059,0.15845337519195013
B1,platelets_median,-0.10419668443388243,-0.12040505191154462,0.12309889610437785
B1,platelets_min,-0.1811722713906798,-0.050373238790962956,0.18319050985804025
B1,platelets_max,0.10648319997095249,-0.09998644054239524,0.16175599219031944
B1,platelets_std,0.3640340379661234,-0.08478994203956355,0.016754094057011684
B1,platelets_first,0.09996147430325206,-0.008879171538799215,0.22756397754293956
B1,platelets_last,-0.16005323667981172,-0.16058557700344275,0.10279297482981077
B1,platelets_delta,-0.33195729898587834,-0.21744936047450578,-0.09577432448478633
B1,platelets_slope,0.06943193634925691,-0.019472812360288763,0.13104346682011256
B1,heart_rate_mean,-0.5167385386397938,-0.26133994566801155,-0.3724387672680573
B1,heart_rate_median,-0.43731479305570375,-0.18269866634153265,-0.319058497024629
B1,heart_rate_min,-0.6958348175036311,-0.24743913270279477,-0.3620443438572382
B1,heart_rate_max,-0.25333300044979723,-0.29573901325969487,-0.31313557185997204
B1,heart_rate_std,0.2872503901476785,-0.12758125691228675,-0.10064673868595111
B1,heart_rate_first,-0.48296340212173217,-0.19137104892988163,-0.3592035262074706
B1,heart_rate_last,-0.6062561750906837,-0.26786266661530245,-0.4159623761620334
B1,heart_rate_delta,-0.12982336841151224,-0.08557994673035633,-0.05339777310815405
B1,heart_rate_slope,0.3058500442944766,0.16944542001993618,0.3391217126936687
B1,mbp_mean,0.061695973408333764,0.10795102538137623,0.0811446978126214
B1,mbp_median,0.039674321808626074,0.12131922164524724,0.10630787911588384
B1,mbp_min,-0.28718738736656435,-0.10449101098407354,-0.16239930930033183
B1,mbp_max,0.45224661748518435,0.25863032464035285,0.2686245608099675
B1,mbp_std,0.351805529025123,0.06709531553616467,0.14489596588820414
B1,mbp_first,0.04949454906003761,-0.22502010611261938,-0.12517079308853274
B1,mbp_last,0.058678952746459366,0.24684128846123787,0.1828417308407537
B1,mbp_delta,0.006231109812523327,0.417461046832079,0.2717385900475953
B1,mbp_slope,0.29018814697896544,0.21741934129321894,0.20627609165193242
B1,resp_rate_mean,0.045354095542877865,0.014338176309331114,0.10263460628759088
B1,resp_rate_median,0.04813082230728009,0.003924120826683419,0.1052963116043847
B1,resp_rate_min,-0.21327761363647532,0.06303023601261865,0.005053191391256237
B1,resp_rate_max,0.30416761861321523,0.07615778136906687,0.24103571717905145
B1,resp_rate_std,0.3525870120301649,0.11161223376598456,0.2504811604719154
B1,resp_rate_first,-0.2629590961484942,-0.08588923736177212,-0.09211372120645547
B1,resp_rate_last,-0.16283208896546186,-0.17392701407313382,-0.08346259919018219
B1,resp_rate_delta,0.08946247513971177,-0.08243896422538696,0.006902895439867582
B1,resp_rate_slope,0.18060380647031743,-0.03837473053963975,0.08324850528273565
B1,spo2_mean,0.17302264517296662,0.13315360393859563,0.11899804536707222
B1,spo2_median,0.2055498256054337,0.08526698792159493,0.1106588604813982
B1,spo2_min,-0.07653147938445926,0.053627894518735814,-0.04154283670009438
B1,spo2_max,0.6202226506205045,0.21697188974322767,0.40247374003217357
B1,spo2_std,0.06191829804408909,-0.06170646804302132,0.03752158984057572
B1,spo2_first,0.24455725053447147,0.2928213861018797,0.2763385259050047
B1,spo2_last,0.21836925833500498,0.35088115695155675,0.3091125555887709
B1,spo2_delta,-0.14751990679708074,-0.13101741381975682,-0.13487483185216445
B1,spo2_slope,0.23683334374728218,0.0027412845165147265,0.09876730209898289
B1,sofa_mean,-0.10447449657898035,-0.16950704500809566,-0.2114091589800188
B1,sofa_median,-0.0914625370016023,-0.14360660978313372,-0.1720874016160981
B1,sofa_min,-0.25541026525205485,-0.17611950241708305,-0.2770442718881797
B1,sofa_max,0.0676690510205062,-0.04636197633114558,-0.061348170940912446
B1,sofa_std,0.3860293791853508,0.0948726911631051,0.18652800774057374
B1,sofa_first,-0.16999390950145957,-0.12136418983805487,-0.18865546320557552
B1,sofa_last,0.06898384887086793,0.0337928737769627,0.010113106020594374
B1,sofa_delta,0.30519090694277085,0.19844242256057376,0.2551145538542912
B1,sofa_slope,-0.0871124796612857,0.07479915977356646,0.07221068897475556
B1,any_vasopressor_mean,-0.16348497586137123,-0.3101635118782529,-0.2971127256549548
B1,any_vasopressor_median,-0.042818298735323126,-0.17582909942120434,-0.17066527566794887
B1,any_vasopressor_min,0.0,0.0,0.0
B1,any_vasopressor_max,-0.05957745724614888,-0.31608272787309966,-0.28890807299163185
B1,any_vasopressor_std,-0.11466812069430604,-0.29458309847725783,-0.29051299108420164
B1,any_vasopressor_first,-0.23315423926173517,-0.28073066989786144,-0.21674459702119067
B1,any_vasopressor_last,0.19444406543042606,0.126815923422277,0.1494872745343541
B1,any_vasopressor_delta,0.3855400837154331,0.39206275256821704,0.33737929434114083
B1,any_vasopressor_slope,0.36402926662000556,0.37784665943631635,0.3960485480244116
B1,ventilation_on_mean,0.06676583896485763,-0.11870594042396106,0.027014662085537832
B1,ventilation_on_median,0.10546838146068914,-0.05243814882133982,0.0769780707585915
B1,ventilation_on_min,-0.12171729805582843,0.06834038898123773,0.24074466700306008
B1,ventilation_on_max,0.00276785164228691,-0.4120780331889104,-0.27516497356938974
B1,ventilation_on_std,0.0235350274651576,-0.42595517282688034,-0.4666578737362034
B1,ventilation_on_first,-0.27959223472548145,-0.2924655915796018,-0.10602943281490583
B1,ventilation_on_last,0.07558920632011977,0.07428794493629022,0.2050852908597605
B1,ventilation_on_delta,0.3286605710910339,0.3390459453192332,0.29978849760525705
B1,ventilation_on_slope,0.04858613361096442,0.3078961122603151,0.2149983339130152
B2,age,0.22526779484601622,0.24749330425223298,0.2898103458434528
B2,bmi,-0.12227741690773242,-0.2177358997625732,-0.34272731002447493
B2,hemoglobin_mean,0.08767629664749539,-0.019595543254162046,0.011928213439658362
B2,hemoglobin_median,0.07106192478704307,0.06198008917282569,0.031117641361972124
B2,hemoglobin_min,-0.12401632674086817,-0.06208485731895134,-0.14042882375310078
B2,hemoglobin_max,0.3631199347364203,-0.1960659637938907,0.022635846569241422
B2,hemoglobin_std,0.4304295090249652,-0.06474216698276652,0.17304785214830143
B2,hemoglobin_first,0.3472610211891913,-0.19189709581855224,0.0214083340479014
B2,hemoglobin_last,-0.13072255104803993,-0.0716568806795801,-0.1460208632754638
B2,hemoglobin_delta,-0.4549653215133153,0.1770994732478943,-0.09929956470918605
B2,hemoglobin_slope,0.22811712804890225,0.19965882955891967,0.24303178917608836
B2,lactate_mean,0.25115229515972937,0.07449591612657466,0.13021644335831487
B2,lactate_median,0.1626394004520702,-0.030069252486784073,0.03897180188692125
B2,lactate_min,0.2529437778490246,0.465721041664069,0.38257907208365444
B2,lactate_max,0.27800526955276456,0.05856984131126936,0.13259658968863763
B2,lactate_std,0.18339579898095318,-0.21317185164738917,-0.0873646926781085
B2,lactate_first,0.3442822865384518,0.38652023516880263,0.34210142755650486
B2,lactate_last,0.08319329737719765,-0.22901509650847374,-0.13912938517925355
B2,lactate_delta,-0.27185106435261264,-0.5372916518432318,-0.42978757868479117
B2,lactate_slope,-0.43161346380915977,-0.5897264711383241,-0.5140396882719042
B2,creatinine_mean,-0.03171326556941354,-0.09074061831260838,-0.1243968484940054
B2,creatinine_median,-0.038535872543188326,-0.12693684013144868,-0.15124773460215526
B2,creatinine_min,-0.1467358275800294,0.0881310311791181,-0.0660848064748703
B2,creatinine_max,0.06656728607131904,-0.06375602399490006,-0.08138865356127233
B2,creatinine_std,0.3297988988032485,-0.0798466968804775,0.02597128521599069
B2,creatinine_first,-0.1417087613330614,0.08065895671093788,-0.07242369903426212
B2,creatinine_last,0.03786343213190883,-0.07764928288685506,-0.09192405513208313
B2,creatinine_delta,0.20628229528445766,-0.1956605787689663,-0.049784537520623486
B2,creatinine_slope,0.0857380710315025,-0.07484161418462089,-0.02665420246559037
B2,platelets_mean,-0.07645068376245298,-0.03533687707411396,0.03493021812673156
B2,platelets_median,-0.10560996260413948,-0.0362208675917269,0.014941317196431459
B2,platelets_min,-0.23591321791161698,-0.07491164404626566,-0.05995310823419962
B2,platelets_max,0.1434607639247366,-0.041051878045988914,0.0795068396580218
B2,platelets_std,0.5984674646231222,0.1168145345779413,0.3170533247364991
B2,platelets_first,0.04669391323986328,-0.1264176594109685,-0.05613556508144953
B2,platelets_last,-0.15143066694528257,-0.05867382986667632,0.009890167586719291
B2,platelets_delta,-0.26589425689765445,0.057872608561560325,0.07647167944268321
B2,platelets_slope,-0.01576035290025118,0.2004838696102706,0.27975401024496294
B2,heart_rate_mean,-0.462036542607982,-0.136295767392926,-0.3481046296001132
B2,heart_rate_median,-0.4049562772815284,-0.07451407574004966,-0.2985793164131418
B2,heart_rate_min,-0.6022171580856146,-0.08024686691882646,-0.27463697971785656
B2,heart_rate_max,-0.25563375602274824,-0.2841466778227476,-0.4128931559793351
B2,heart_rate_std,0.21436987260428417,-0.24826938360218637,-0.21865330075105677
B2,heart_rate_first,-0.4170781129596561,-0.07358482222379936,-0.28222119871364515
B2,heart_rate_last,-0.5563709469155019,-0.11078773707316646,-0.34755723383472975
B2,heart_rate_delta,-0.12277514869151239,-0.03617521926803823,-0.049838864857595734
B2,heart_rate_slope,0.32002516799617364,0.25085090063819,0.3506793153722057
B2,mbp_mean,0.17863041702595622,0.2459555169701413,0.258946291210442
B2,mbp_median,0.10900460078082955,0.23270775610122033,0.2560840443624325
B2,mbp_min,-0.26324062551994276,0.09316408585909879,-0.09568816245789966
B2,mbp_max,0.5834252607233184,0.35676690055816834,0.4825478048759979
B2,mbp_std,0.38917835482710844,0.08558418569962309,0.25707658661897204
B2,mbp_first,0.1278263761799158,-0.22929635523296596,-0.015996813620151946
B2,mbp_last,0.0739800700925511,0.2895868214156787,0.17786980380193054
B2,mbp_delta,-0.06361191689045968,0.3616561079491092,0.11765522098397387
B2,mbp_slope,0.21733881502708483,0.15571729519700034,0.08993121567249539
B2,resp_rate_mean,0.28618104465041877,0.323430830141311,0.29568299193910136
B2,resp_rate_median,0.27140535227830953,0.30748643902449135,0.3022839760894974
B2,resp_rate_min,-0.06551474795549452,0.2746963447465189,0.17350801839004956
B2,resp_rate_max,0.47323265952546933,0.21758745847402797,0.21043045753086148
B2,resp_rate_std,0.4802720409088107,0.18620044638563937,0.21099656000654987
B2,resp_rate_first,-0.07933051121142617,0.13614280564269518,0.06075278229873952
B2,resp_rate_last,-0.04249701663586815,-0.023269442661285267,-0.03253845619731961
B2,resp_rate_delta,0.03626798524697722,-0.14731606056338833,-0.08533119381688395
B2,resp_rate_slope,0.1315137881851762,-0.08432970238044334,0.03622799065615374
B2,spo2_mean,0.05089714870153996,-0.26342933915489936,-0.16247059322114193
B2,spo2_median,0.09269477743997197,-0.24869038622210626,-0.14156179030610136
B2,spo2_min,-0.6245712850376148,-0.472542347068186,-0.47504062370962524
B2,spo2_max,0.6521430366505921,0.15159750771429079,0.38564047533594853
B2,spo2_std,0.7055576045931459,0.5265256729573083,0.6983532642850749
B2,spo2_first,0.2294249287202251,0.17214672892054247,0.31908270292456153
B2,spo2_last,0.16623320066609673,0.3291422554830757,0.17291988842619102
B2,spo2_delta,-0.054919133570427006,0.09464272703097916,-0.11511132521539148
B2,spo2_slope,0.3657273191445641,0.16530231185086716,0.17910588858737345
B2,sofa_mean,0.0022544878142995474,-0.034324515111224925,-0.10931421430477965
B2,sofa_median,-0.0205007466612933,-0.045699645395526914,-0.12362306149515478
B2,sofa_min,-0.08052023011946906,0.0095457609372134,-0.12740504833169053
B2,sofa_max,0.1865215784663205,0.10133486137874693,0.04614110100961024
B2,sofa_std,0.35341527365897935,0.10139134690335307,0.1776647588825483
B2,sofa_first,-0.024821453292479412,0.03440121638187256,-0.13941091077172546
B2,sofa_last,0.17113529686257675,0.14996410157082052,0.1299182891121619
B2,sofa_delta,0.23891873086190243,0.13673089303130154,0.33732742892536893
B2,sofa_slope,-0.05834155666159277,0.03315479040157288,0.0816718090137767
B2,any_vasopressor_mean,-0.06453805375483324,-0.1384192676686313,-0.08768884892497432
B2,any_vasopressor_median,0.09499957963108813,0.029216975086538248,0.04493174945843134
B2,any_vasopressor_min,0.0,0.0,0.0
B2,any_vasopressor_max,0.0070681445095228165,-0.1956074281111912,-0.11575001332681757
B2,any_vasopressor_std,-0.044965913749975925,-0.16693126213975049,-0.11321240540339575
B2,any_vasopressor_first,-0.1627313182231745,-0.22294708722378592,-0.12093904786017956
B2,any_vasopressor_last,0.26411908543767143,0.2593607707336201,0.31463110093903535
B2,any_vasopressor_delta,0.36863055365730935,0.43224739399094847,0.3580056686960928
B2,any_vasopressor_slope,0.31358209727170816,0.3675637005243982,0.37458579238450834
B2,ventilation_on_mean,0.23643410517236318,0.07179937468089888,0.004282308258839403
B2,ventilation_on_median,0.26186182478706294,0.1542189956462684,0.08949760842667737
B2,ventilation_on_min,0.06637108148743039,0.26025012512701723,0.18686307719756634
B2,ventilation_on_max,0.1784544511694891,-0.25573281603812503,-0.278504784558704
B2,ventilation_on_std,0.12047832399126455,-0.3407367545828825,-0.3549530080039891
B2,ventilation_on_first,-0.12397950363756623,-0.09021935612161276,-0.11714476813959492
B2,ventilation_on_last,0.16089943911128293,0.15831883790377713,0.1343793066199215
B2,ventilation_on_delta,0.2745373120192714,0.24122833634401294,0.24166022375506194
B2,ventilation_on_slope,0.013762251407981377,0.30014135487428334,0.21843321173115923
M1,age,0.00824664759765053,-0.03746999687753721,-0.11354170636267963
M1,bmi,0.026436674675164484,0.04216983731637997,0.1535537125049533
M1,hemoglobin_mean,0.18253847426539566,0.10406107513905062,0.05986445192002115
M1,hemoglobin_median,0.15825516052125538,0.12604756577013604,0.09560580335976632
M1,hemoglobin_min,-0.06409890112797301,0.02916353048436368,-0.08005102417381678
M1,hemoglobin_max,0.5092572002099215,0.15921806162257415,0.16004071749366353
M1,hemoglobin_std,0.34717002353735427,0.11750394592024335,0.20981400334294126
M1,hemoglobin_first,0.48273488602959924,0.15668548938133722,0.14876385981172222
M1,hemoglobin_last,-0.02662368771438397,0.03965539836351706,-0.054548502280218576
M1,hemoglobin_delta,-0.48909948551012433,-0.13486997474337742,-0.1736408752507408
M1,hemoglobin_slope,0.21486124830856348,0.04099989037183844,0.08008493034174714
M1,lactate_mean,-0.009506941852732254,-0.19181637103429372,-0.11612935435430763
M1,lactate_median,-0.0539044572146247,-0.21840827737016494,-0.14439255448542
M1,lactate_min,-0.08053710249218657,-0.027637870854903043,0.03584854810562998
M1,lactate_max,0.22101412719589592,0.0016803691541221245,0.032808301410586285
M1,lactate_std,0.1153396844109471,-0.14557494950771924,-0.10640829058602051
M1,lactate_first,-0.013105863317761752,-0.045456335681563424,0.04902647049099165
M1,lactate_last,0.29155456066605934,0.2055641491980622,0.24199945613371535
M1,lactate_delta,0.3046773632866928,0.22910016591658852,0.22926523375093538
M1,lactate_slope,-0.09078356145722945,-0.07286695213744998,-0.05934926935906681
M1,creatinine_mean,-0.02982340288871073,-0.012974725806122944,0.061703707735907984
M1,creatinine_median,-0.018121081891083073,-0.009556147691104888,0.07304806821519387
M1,creatinine_min,-0.19721422430195418,-0.04421745869224629,-0.005512650674236168
M1,creatinine_max,0.007946924307820713,-0.023351590407159138,0.04893140584483743
M1,creatinine_std,0.07678946430294337,-0.047526153640014855,0.017736057490415246
M1,creatinine_first,-0.1483524037836173,-0.024316424187611256,0.048138018170096206
M1,creatinine_last,-0.008337785917945805,-0.014256249116646054,0.05837965726285172
M1,creatinine_delta,0.10903437693986864,0.0018604224730677725,0.03377819291927793
M1,creatinine_slope,-0.10003182480321851,-0.06799528947667924,-0.08157146156036038
M1,platelets_mean,-0.07764461585990895,-0.08878408685322843,-0.11311961313636211
M1,platelets_median,-0.06082187753591683,-0.06151133696448782,-0.07569733858402426
M1,platelets_min,-0.21433750030744417,-0.14711437030273108,-0.17362234451654973
M1,platelets_max,0.02731745809035631,-0.09810916389119329,-0.1184111128359266
M1,platelets_std,0.3300865964373058,0.10927904927556972,0.16493639240368368
M1,platelets_first,-0.06405851731032414,-0.14256045295293895,-0.12206608186745052
M1,platelets_last,-0.09969925167616861,-0.0688170097178471,-0.11625930368253971
M1,platelets_delta,-0.0753844173569599,0.0780818461036268,-0.02523570849339209
M1,platelets_slope,0.013754205859615766,0.06510726320828825,-0.00313140715503897
M1,heart_rate_mean,-0.13700021467971168,-0.05435645831720487,0.002670893104538791
M1,heart_rate_median,-0.16656424327483255,-0.07844029579852972,-0.03437363434573836
M1,heart_rate_min,-0.29951311019312993,0.018781530087155423,0.06239152519986886
M1,heart_rate_max,0.13065472846516574,0.02032747393194722,0.08395749302091939
M1,heart_rate_std,0.22831890576650368,-0.06520264274590874,-0.0183316438773496
M1,heart_rate_first,-0.21472842633379677,0.049711350690733694,0.06586965818312768
M1,heart_rate_last,0.018889471993988185,0.08712118431937345,0.1173316329715065
M1,heart_rate_delta,0.24104781317840238,0.05737249808129387,0.07836181440223143
M1,heart_rate_slope,-0.40429435868981417,-0.20829373036721568,-0.25847255370691535
M1,mbp_mean,-0.35712413993333,-0.10258321144052185,-0.0512825851334645
M1,mbp_median,-0.30653562421767494,-0.08264751398676533,-0.041038407922640345
M1,mbp_min,-0.5743856522396431,-0.2794964516488202,-0.26604621785204613
M1,mbp_max,-0.15029512519291643,-0.06896332176824631,-0.032541272817090884
M1,mbp_std,0.008660987412795506,0.05984709541103821,0.06369092456080336
M1,mbp_first,0.25990268207096945,0.10200875372468882,0.1839655273713879
M1,mbp_last,-0.37103321677030404,-0.16140916667150362,-0.1888363849590329
M1,mbp_delta,-0.4526983035108128,-0.18955309266058054,-0.2649150924113226
M1,mbp_slope,-0.004701363942030948,0.009085900125231508,0.01045756205988848
M1,resp_rate_mean,-0.2625120646198528,-0.09339439791105114,-0.03701080938860142
M1,resp_rate_median,-0.23897711201908617,-0.06434860906495943,-0.022441298386824002
M1,resp_rate_min,-0.46952109459598673,-0.234040629552411,-0.2743605471521853
M1,resp_rate_max,0.06935407798238717,0.0950315658060605,0.23453258599139898
M1,resp_rate_std,0.11148638001435417,0.09873800510269973,0.18715428846518645
M1,resp_rate_first,-0.18320914876297845,0.04789294159804488,-0.05191020446958034
M1,resp_rate_last,-0.12060313503014905,-0.002635827861065821,0.05508597432451934
M1,resp_rate_delta,0.008074359845531972,-0.03317151526366267,0.0834404814391942
M1,resp_rate_slope,-0.18598440560508417,-0.09208181265948451,-0.09313357728764504
M1,spo2_mean,0.0864066579782583,-0.05948913363654113,0.03563558250358316
M1,spo2_median,0.13353441288291304,-0.006486097102479409,0.08453834387649989
M1,spo2_min,-0.14948180066402866,-0.14514038571459165,-0.1360868625931094
M1,spo2_max,0.2711665815692221,0.05233973117477256,0.1800326300016443
M1,spo2_std,0.14800668371512324,0.16394062511418472,0.17246681345356826
M1,spo2_first,0.06133402681849928,-0.08854514355077411,-0.022860141840424213
M1,spo2_last,0.12537361423515989,0.01202818954033142,0.04754844373009307
M1,spo2_delta,0.07915676387559983,0.07063187997626262,0.06080943632850145
M1,spo2_slope,0.022592667657139017,-0.010687224120181355,-0.013076712193584935
M1,sofa_mean,-0.02390414636530185,-0.05870446782547276,0.06507087606640423
M1,sofa_median,-0.025037893016553014,-0.1010733528450383,-0.011351294943495923
M1,sofa_min,-0.18395877863163465,0.009498616349335872,0.1065419764648217
M1,sofa_max,0.046091991511636066,-0.01973858262164319,0.16284165652678192
M1,sofa_std,0.1998244393346768,-0.00023310112101547722,0.14465469405993775
M1,sofa_first,-0.18218525957503284,0.0026042834982838185,0.12912681782781907
M1,sofa_last,0.032296833041065384,-0.022282358796170392,0.11158437834426044
M1,sofa_delta,0.21697223331373489,-0.026691683095720183,-0.008402731751940305
M1,sofa_slope,-0.17388785818860603,-0.09874350884561829,-0.13033863160213505
M1,any_vasopressor_mean,0.10953952863939187,0.026510673489031057,-0.007872124309729193
M1,any_vasopressor_median,0.04486350463554935,0.05288658718270103,0.04215504765081322
M1,any_vasopressor_min,0.0,0.0,0.0
M1,any_vasopressor_max,0.25158814858340944,0.11858665358852033,0.07664757124317942
M1,any_vasopressor_std,0.16765824059695505,0.033757408509004695,0.0010648700221947305
M1,any_vasopressor_first,-0.09372578360890933,-0.06262532497162508,-0.016668436083219284
M1,any_vasopressor_last,0.23840526075954052,0.2165513080724504,0.16149894563365919
M1,any_vasopressor_delta,0.24132913021007432,0.20412703420378397,0.13211013870296207
M1,any_vasopressor_slope,0.041258482208500445,0.06068499668407189,0.03758887321189097
M1,ventilation_on_mean,0.027210454559834656,-0.07917440059099835,-0.0717573036422493
M1,ventilation_on_median,-0.004626292938321155,-0.07465478710851702,-0.08341045763671867
M1,ventilation_on_min,-0.27609984858678555,-0.15505231767391028,-0.03467872888254084
M1,ventilation_on_max,0.15453087879723684,-0.04695837821715474,-0.02028460088434937
M1,ventilation_on_std,0.2966692391955918,0.06727144096438058,0.03744076082758553
M1,ventilation_on_first,-0.16020487780526177,-0.04999746287715005,0.04196191531530312
M1,ventilation_on_last,-0.026654579638114104,-0.0913203534495947,-0.09895138246079269
M1,ventilation_on_delta,0.09751478356010358,-0.042422504957331665,-0.11852493443282744
M1,ventilation_on_slope,-0.16805639286231377,-0.09143277013418895,-0.1538872568203742
M2,age,-0.28901352452044576,-0.5010606181137018,-0.6906666858823994
M2,bmi,0.12553278122969355,0.1957295247841869,0.30634128082156975
M2,hemoglobin_mean,0.3449084368116688,0.3625147716009607,0.17877539656761637
M2,hemoglobin_median,0.375402537331701,0.4277309568026103,0.3054716417063811
M2,hemoglobin_min,0.031049185170690125,0.1058540676354799,-0.08823153273752857
M2,hemoglobin_max,0.32708237404539275,0.1431289103040529,-0.14237791256827534
M2,hemoglobin_std,0.14927770513286823,0.11671827196458458,0.11125587546337581
M2,hemoglobin_first,0.31420180432930706,0.14188881031898715,-0.14066984003114996
M2,hemoglobin_last,0.03860899127368207,0.11041241217730051,-0.06863586926870956
M2,hemoglobin_delta,-0.2682498430181323,-0.07017175560286863,0.09194894641185856
M2,hemoglobin_slope,0.23344155463158722,-0.041649114277610345,-0.005162686135878485
M2,lactate_mean,0.08170467827725801,-0.08061757945033725,-0.1093325661384064
M2,lactate_median,0.006373017986099291,-0.1543518524769012,-0.16841507346936074
M2,lactate_min,-0.094599526431504,-0.07464212862144917,0.06655622864229296
M2,lactate_max,0.2923579278495254,0.08974998385293996,-0.018832633761695385
M2,lactate_std,0.18177128209569418,-0.03152964093523929,-0.15473380996380465
M2,lactate_first,0.019043442046309644,0.014746202472457877,0.02304131851503758
M2,lactate_last,0.451685888833535,0.36314141752979207,0.30239993647230284
M2,lactate_delta,0.4544188783769443,0.36554693958292406,0.30042978397841996
M2,lactate_slope,0.03734756942640984,0.1448289316624055,0.20370682228436124
M2,creatinine_mean,0.023703334708024007,0.10758148272250094,0.10366117928103566
M2,creatinine_median,0.03595124118680697,0.10827327366637508,0.12588606402665303
M2,creatinine_min,-0.133072809492991,-0.017992195911792554,-0.006825695554312786
M2,creatinine_max,-0.0042295518164648,0.08098092412540579,0.057065635201852344
M2,creatinine_std,-0.04665420962625504,-0.0035232049132707236,-0.014698876248861275
M2,creatinine_first,-0.10635441702853304,0.038759239530930564,0.10367471413686694
M2,creatinine_last,-0.008410803115249945,0.06973555117746665,0.05857475562261362
M2,creatinine_delta,0.06562532405500753,0.04661371615670273,-0.010679737155620119
M2,creatinine_slope,-0.23168129396421475,-0.08106368774077248,-0.14018286792869347
M2,platelets_mean,-0.12655599645059967,-0.1926276576735866,-0.32374374656132077
M2,platelets_median,-0.12365134231892351,-0.16002675123441892,-0.24132284211709212
M2,platelets_min,-0.3336218892672142,-0.2778203334742791,-0.3746647081808707
M2,platelets_max,0.030158165618794325,-0.20059740019471461,-0.42701087217037575
M2,platelets_std,0.38889324957861837,0.21027893392002653,0.2008382842963907
M2,platelets_first,-0.0644726945583913,-0.20073444097680138,-0.3227501511987678
M2,platelets_last,-0.16905841348260048,-0.20794922227720408,-0.3538169857403162
M2,platelets_delta,-0.14894312286753975,-0.11102774714821384,-0.20007869458418578
M2,platelets_slope,-0.05633301737078575,-0.1534910290011461,-0.22314201617617405
M2,heart_rate_mean,-0.027087211251427733,0.16775624565043554,0.4185706137780274
M2,heart_rate_median,-0.10556353629141714,0.08083447412060833,0.29280951271238187
M2,heart_rate_min,-0.11351620045243171,0.22410345633158302,0.6145174724965938
M2,heart_rate_max,0.1547372466843449,0.20013069941418848,0.4067167185283243
M2,heart_rate_std,0.19050114144806932,0.026068928642044575,0.03161453001395497
M2,heart_rate_first,-0.11331310172647939,0.1371640172767023,0.4781974639096796
M2,heart_rate_last,0.09213506714498462,0.1350734276985616,0.3779291768382308
M2,heart_rate_delta,0.20499469749322535,0.03273422794618926,0.008218582734933455
M2,heart_rate_slope,-0.2912393020018847,-0.09011177923330246,-0.05111206449333602
M2,mbp_mean,0.016816062706026366,0.42062755416298514,0.6161508375585398
M2,mbp_median,-0.02541974724756125,0.376864095016783,0.535265754554907
M2,mbp_min,-0.25791771607501435,0.14675884738320127,0.277992202182453
M2,mbp_max,0.09887573239567476,0.16589444070193513,0.38528711986461867
M2,mbp_std,0.21173921255405528,0.15822291547320433,0.23725366138901346
M2,mbp_first,0.37899007696254533,0.31869435501304033,0.24542189800721428
M2,mbp_last,-0.2382300340149296,-0.03874370763381128,0.050410996434830255
M2,mbp_delta,-0.3909969550199833,-0.20897309553239035,-0.10142270098133253
M2,mbp_slope,0.08235572913739862,0.0612488102065841,0.1400818167063969
M2,resp_rate_mean,-0.01698131921653636,0.030798795672387507,0.23168447973914594
M2,resp_rate_median,0.015481125537578784,0.07009367309322037,0.24755344943927163
M2,resp_rate_min,-0.3846766978150972,-0.3065531333215089,-0.31838962435890256
M2,resp_rate_max,0.2007452596023385,0.1442306706676399,0.527553206250877
M2,resp_rate_std,0.34650819670240324,0.3053656435600378,0.5866687781699312
M2,resp_rate_first,0.04174704090763232,0.13885272219094813,0.010004011590583475
M2,resp_rate_last,-0.2069725888793872,-0.2879455572192111,-0.03847549185901209
M2,resp_rate_delta,-0.20521648711916185,-0.3362841003428293,-0.03955944027405067
M2,resp_rate_slope,-0.3291324378269952,-0.285465376750486,-0.22765229072185775
M2,spo2_mean,0.08586755680288735,-0.010096565790772217,0.1301820407418131
M2,spo2_median,0.09363418946232704,0.07332857042596241,0.17901802636189193
M2,spo2_min,0.03702895538399646,-0.07023554182797374,-0.027964433465536346
M2,spo2_max,0.10889521660488247,-0.045571613686379436,0.06732905931312122
M2,spo2_std,-0.07732881635557594,0.057047426156471535,0.0135146861228136
M2,spo2_first,0.1262431955180351,0.09097202660472387,0.11217972434063636
M2,spo2_last,0.286444542057176,0.19761265439786205,0.2753389148946702
M2,spo2_delta,0.21979386093098371,0.14950338992371764,0.21630257593625193
M2,spo2_slope,0.12801660531171657,0.11475314154290571,0.12665063340229465
M2,sofa_mean,0.19415707662127196,0.09131805287964626,0.2999831229435119
M2,sofa_median,0.09534437259980769,-0.05089692020803554,0.07453417399557548
M2,sofa_min,-0.06566473655177056,0.08901103688872533,0.29999374075706137
M2,sofa_max,0.2840924437461351,0.14782437648012367,0.474988078689699
M2,sofa_std,0.26036347800726584,0.031088159909191268,0.27473974977553667
M2,sofa_first,-0.0008252217574418832,0.15190892191961827,0.48619174749198274
M2,sofa_last,0.2393360555243681,0.09758715267304524,0.24894210789594387
M2,sofa_delta,0.2289891530983998,-0.05044880980898843,-0.2219071142690197
M2,sofa_slope,-0.2340748107315247,-0.1636584231759131,-0.23887068196737168
M2,any_vasopressor_mean,0.3476667801781826,0.2105701801197275,-0.007841614527846753
M2,any_vasopressor_median,0.36097058519075376,0.34846493344466584,0.202737455050926
M2,any_vasopressor_min,0.0,0.0,0.0
M2,any_vasopressor_max,0.46036010231411767,0.24183545101008716,0.02272640569824466
M2,any_vasopressor_std,0.3607025391498689,0.147784734292439,-0.07373776313367576
M2,any_vasopressor_first,-0.05156979225144791,-0.09499966456875888,-0.1073555477925854
M2,any_vasopressor_last,0.40641152859496454,0.29943919396578556,0.21005723859199213
M2,any_vasopressor_delta,0.3552431164467167,0.29519949670765494,0.23098125729811772
M2,any_vasopressor_slope,-0.10514029885009696,-0.04550999749977502,0.015721554839893348
M2,ventilation_on_mean,0.05931184739211846,0.05765157951337552,0.03319649005384463
M2,ventilation_on_median,-0.053335035471639945,-0.013052299229404969,-0.04746377502303336
M2,ventilation_on_min,-0.21351705677922375,-0.094851579962795,0.3306277964630098
M2,ventilation_on_max,0.17974101849913576,0.09087977587516821,-0.0033142447044947534
M2,ventilation_on_std,0.3499225856334743,0.21661890847117143,-0.05780536325883983
M2,ventilation_on_first,-0.16447765342760418,-0.07993362529034084,0.22919852873585075
M2,ventilation_on_last,0.05266806531497239,0.06239420293078845,0.054677752026605145
M2,ventilation_on_delta,0.15657003347357937,0.10710032506636692,-0.11025536074912944
M2,ventilation_on_slope,-0.029209584041705868,0.0378868048525701,0.0021140512123113187
M3,age,0.15080845249480598,0.017123419914301975,0.05299841443434697
M3,bmi,0.20767902143712633,0.11962966010062882,0.31608203680692604
M3,hemoglobin_mean,0.4216881368362494,0.1168442865936954,0.0634788278345055
M3,hemoglobin_median,0.41938890511699584,0.09453984711827536,0.04603710345131388
M3,hemoglobin_min,0.1400619973455173,0.036242914068448574,-0.030871437923730358
M3,hemoglobin_max,0.6769625235066796,0.21836599614658417,0.17351004101940554
M3,hemoglobin_std,1.355352167837452,0.5573615882151531,0.5117510410670368
M3,hemoglobin_first,0.4456913664400521,0.15459311238595397,0.10880208612342974
M3,hemoglobin_last,0.3696116063607625,0.11115571973137055,0.04009113285064751
M3,hemoglobin_delta,-0.24170216371139952,-0.12314811244321704,-0.1746165458885901
M3,hemoglobin_slope,0.4326672609243223,-0.08631897369130488,0.06507641190817193
M3,lactate_mean,0.17210729838305724,0.10497458588935216,0.20199244029517405
M3,lactate_median,0.08546485692179924,0.04428509125093563,0.16249447987411428
M3,lactate_min,-0.23612918376189299,0.005725218158344137,-0.050627344628131864
M3,lactate_max,0.6194919419418681,0.3682686377639645,0.41848995722123344
M3,lactate_std,0.7307362227662919,0.33548708715045755,0.4812999838308563
M3,lactate_first,0.1547149723248644,0.20387278363666586,0.15680852225534653
M3,lactate_last,0.4923991859465378,0.29000868345850916,0.327454624230235
M3,lactate_delta,0.3068326884067818,0.08947575388372296,0.16041616339811532
M3,lactate_slope,-0.05052502455836107,-0.3363524738265313,-0.24248631900108908
M3,creatinine_mean,0.01560995614288005,0.020437991200210205,0.07931109222238011
M3,creatinine_median,0.0074615044770027375,0.013803516671542232,0.07885928461039028
M3,creatinine_min,-0.12372367296272939,-0.07892782742046721,-0.06898918785549579
M3,creatinine_max,0.0644457801950716,0.02009133306928505,0.08764354565251001
M3,creatinine_std,0.21109730322200473,-0.005887152195017034,0.16455755319396997
M3,creatinine_first,-0.08264739859099894,-0.04516077782742461,-0.00172383442485806
M3,creatinine_last,0.07852266133349689,0.04009674352000626,0.11221327424149018
M3,creatinine_delta,0.3358674262779352,0.17736118261941802,0.24962274689525835
M3,creatinine_slope,0.20691391856967975,0.04995891619847065,0.16412137490984963
M3,platelets_mean,0.03839756298131813,-0.00478147834176759,-0.11877150581250846
M3,platelets_median,0.04424725157854653,-0.02895075086081126,-0.13565950468526564
M3,platelets_min,-0.11612401764043973,-0.01315153378745984,-0.16818122758388598
M3,platelets_max,0.18528061770273271,0.012473112727467744,-0.06929535980834177
M3,platelets_std,0.9020708906166707,0.09992101733648764,0.3243114351128987
M3,platelets_first,-0.011684104199663708,0.0018475604240883443,-0.11201467215117815
M3,platelets_last,0.04269876919408726,-0.0277657945268601,-0.1492281597965997
M3,platelets_delta,0.16489435466306754,-0.09010351759528136,-0.12115071668662353
M3,platelets_slope,0.2651325532784881,-0.048153285766272834,-0.11084368079153133
M3,heart_rate_mean,-0.06313200826557246,0.04022983533875297,0.11321406658572629
M3,heart_rate_median,-0.13153624844289288,-0.0251903384230892,0.020703833949635046
M3,heart_rate_min,-0.24259386195585605,0.07731868123755997,0.07990723738974728
M3,heart_rate_max,0.26080246963353604,0.07614946865504797,0.23700889760267616
M3,heart_rate_std,0.3226646683407277,-0.11035520801152916,0.06312469305934552
M3,heart_rate_first,-0.2771338519036583,-0.11871446603333678,-0.14214014356665386
M3,heart_rate_last,0.14012813996489676,0.13942800763724686,0.17354120031567538
M3,heart_rate_delta,0.4325613308564603,0.27036762698745215,0.33079029075294625
M3,heart_rate_slope,0.09289164825864214,-0.0997604248992196,0.013667044403984604
M3,mbp_mean,-0.1290428091885521,-0.08376454001245963,-0.11297530585210515
M3,mbp_median,-0.10260494033670903,-0.041076959618080236,-0.09897544661356578
M3,mbp_min,-0.5322709694932997,-0.34809805848750586,-0.34495504053195286
M3,mbp_max,0.26116939175335674,0.13931192282582752,0.14923568009316607
M3,mbp_std,0.29337624538911744,0.1497603095358089,0.10790916904644826
M3,mbp_first,0.09930042936525989,0.11129031833714398,0.13248977654412125
M3,mbp_last,-0.42240107602193144,-0.33542807972358246,-0.3776169992230217
M3,mbp_delta,-0.47220154842179685,-0.4054557816937122,-0.4632202796765753
M3,mbp_slope,0.10998697377473875,0.09286447954473422,0.103628756747303
M3,resp_rate_mean,-0.07993612463457339,-0.03495059036452278,0.0931218635041307
M3,resp_rate_median,-0.14916459564917992,-0.09159261603893534,0.025616411817025387
M3,resp_rate_min,-0.36412569444246273,-0.2612323454010769,-0.1369969682521131
M3,resp_rate_max,0.3416817265625183,0.20223008505976264,0.41820429282831567
M3,resp_rate_std,0.27602926531162975,0.16897393215093398,0.11823957435240003
M3,resp_rate_first,-0.3324831257738678,-0.21779910770964217,-0.25127874138728795
M3,resp_rate_last,0.18560617101449378,0.05930796974791408,0.21633146366048386
M3,resp_rate_delta,0.49083536426831176,0.25348595020421494,0.4540569142953676
M3,resp_rate_slope,0.14198389300595882,0.0005623056436295788,0.1251622190765758
M3,spo2_mean,-0.2068090355548038,-0.23638816380034194,-0.13267901490055098
M3,spo2_median,-0.1289897871068139,-0.18272564549136452,-0.10482440937649505
M3,spo2_min,-0.5034673369382405,-0.3719683055051416,-0.29599622299242206
M3,spo2_max,0.05648306574428037,-0.02824084062451984,0.13981117574709168
M3,spo2_std,0.4392719368011803,0.35578315472451083,0.32226797104922494
M3,spo2_first,-0.1317537066935333,-0.11130255317717398,-0.1353440265394729
M3,spo2_last,-0.07337766514301466,-0.17680046268422808,-0.28329191671266646
M3,spo2_delta,0.06638942652686647,-0.03237871957725406,-0.09199943458655897
M3,spo2_slope,-0.04049393762958631,-0.09379062014707734,-0.18864363570770848
M3,sofa_mean,-0.06749530368494243,-0.03363939516221876,0.11845796234103563
M3,sofa_median,-0.04567100671619466,-0.01780326104473564,0.05742687256322018
M3,sofa_min,-0.3073663550395656,-0.2000262194908782,-0.043230391484274856
M3,sofa_max,0.17544944283716563,0.11014176620384042,0.33268325978498486
M3,sofa_std,0.5932672718548475,0.3191301937461946,0.5476472427348836
M3,sofa_first,-0.061416522454504505,-0.008427310571128211,0.2357482711804979
M3,sofa_last,0.1246573118603183,0.08461812167694932,0.2143396442567918
M3,sofa_delta,0.2325824111996124,0.11508706054894947,-0.041807146711574115
M3,sofa_slope,0.06302489731985554,0.03977759904799711,-0.008103445999925575
M3,any_vasopressor_mean,0.026213628984401504,-0.115124212246182,-0.19287201640832927
M3,any_vasopressor_median,-0.24669627316649942,-0.2568960263789842,-0.3226250951053682
M3,any_vasopressor_min,0.0,0.0,0.0
M3,any_vasopressor_max,0.29113876522470833,-0.035594238019139725,-0.0641834965387197
M3,any_vasopressor_std,0.18494984264695793,-0.09993229158411084,-0.14783699526781086
M3,any_vasopressor_first,-0.25877719719642495,-0.5092310862284739,-0.4214084567499898
M3,any_vasopressor_last,0.5299250165013784,0.4736888101393244,0.23687374475739426
M3,any_vasopressor_delta,0.6831309511402055,0.7846155805730918,0.4967514357433904
M3,any_vasopressor_slope,0.25885307669620405,0.3384177413403732,0.16555491782648818
M3,ventilation_on_mean,-0.09468725170611672,0.0025927171082887157,-0.024675683761050494
M3,ventilation_on_median,-0.05535685898794753,0.07731039367462351,0.07686146498259856
M3,ventilation_on_min,-0.26741832985406555,-0.06644896524653379,-0.17810177531567903
M3,ventilation_on_max,0.23659656972679938,0.1552973303887821,0.16660226999250377
M3,ventilation_on_std,0.4809652731815416,0.2582603366823252,0.35358952369262936
M3,ventilation_on_first,-0.13378120495088347,0.061012738884603,-0.20127453043351118
M3,ventilation_on_last,0.019856981564472506,0.05312591299554066,-0.09497320410497774
M3,ventilation_on_delta,0.17397908676775836,-0.008611682312550236,0.11973394789998121
M3,ventilation_on_slope,-0.010868799943405545,-0.08930294741332877,0.014296280184989485
